{"cameraMode":{"drawMode":0,"name":"Shaded","section":"Shading Mode"},"sceneLighting":true,"audioPlay":false,"sceneViewState":{"showFog":true,"showMaterialUpdate":false,"showSkybox":true,"showFlares":true,"showImageEffects":true,"showParticleSystems":true},"in2DMode":false,"pivot":{"x":-1.4566426277160645,"y":3.0802664756774904,"z":-0.8944652080535889},"rotation":{"x":-0.025619961321353914,"y":-0.11650312691926956,"z":0.00312813394702971,"w":-0.9929276704788208},"size":3.8660900592803957,"orthographic":false}